{"assets/app_icon.png":["assets/app_icon.png"],"assets/default_placeholder.png":["assets/default_placeholder.png"],"assets/mute.png":["assets/mute.png"],"assets/reply.png":["assets/reply.png"],"assets/root_ca_cert.pem":["assets/root_ca_cert.pem"],"assets/test_client_full_chain.pem":["assets/test_client_full_chain.pem"],"assets/test_client_key.pem":["assets/test_client_key.pem"],"packages/cupertino_icons/assets/CupertinoIcons.ttf":["packages/cupertino_icons/assets/CupertinoIcons.ttf"],"packages/material_design_icons_flutter/lib/fonts/materialdesignicons-webfont.ttf":["packages/material_design_icons_flutter/lib/fonts/materialdesignicons-webfont.ttf"]}